Date,Day_of_Week,Month,Weekend,Promotion,Holiday,Temperature,Visitors,Average_Order_Value,Sales
2023-01-01,6,1,1,0,1,24.99,495,23.29,11959.39
2023-01-02,0,1,0,0,0,23.9,331,20.68,7130.94
2023-01-03,1,1,0,0,0,25.64,375,22.7,9575.3
2023-01-04,2,1,0,0,0,27.56,299,22.19,6239.6
2023-01-05,3,1,0,0,0,24.22,329,22.99,7922.72
2023-01-06,4,1,0,0,0,24.39,291,25.05,7307.0
2023-01-07,5,1,1,0,0,28.19,385,28.38,11959.17
2023-01-08,6,1,1,0,0,26.74,439,26.58,12527.24
2023-01-09,0,1,0,0,0,24.43,402,22.69,9173.94
2023-01-10,1,1,0,0,0,26.63,395,25.04,10425.68
2023-01-11,2,1,0,0,0,24.79,299,25.96,8847.64
2023-01-12,3,1,0,0,0,24.95,275,22.94,6440.81
2023-01-13,4,1,0,0,0,26.53,268,23.27,6712.11
2023-01-14,5,1,1,0,0,22.39,383,24.54,9394.73
2023-01-15,6,1,1,0,0,22.94,431,22.84,9913.64
2023-01-16,0,1,0,1,0,25.43,476,26.47,13584.42
2023-01-17,1,1,0,1,0,24.69,508,24.8,13964.39
2023-01-18,2,1,0,1,0,27.51,461,25.11,12367.51
2023-01-19,3,1,0,1,0,25.23,426,22.7,10105.68
2023-01-20,4,1,0,1,0,24.39,382,22.99,9316.52
2023-01-21,5,1,1,0,0,30.31,364,22.42,7756.97
2023-01-22,6,1,1,0,0,27.09,389,20.56,8419.87
2023-01-23,0,1,0,0,0,27.83,344,22.1,7658.23
2023-01-24,1,1,0,0,0,25.01,404,18.91,7120.86
2023-01-25,2,1,0,0,0,26.93,330,19.96,6101.64
2023-01-26,3,1,0,0,0,28.39,381,21.23,7990.05
2023-01-27,4,1,0,0,0,26.03,304,18.01,5126.66
2023-01-28,5,1,1,0,0,29.23,395,19.39,8051.41
2023-01-29,6,1,1,0,0,27.43,405,20.19,9621.82
2023-01-30,0,1,0,0,0,28.2,389,23.37,9757.65
2023-01-31,1,1,0,0,0,27.73,367,21.17,9360.0
2023-02-01,2,2,0,0,0,32.79,360,26.36,10116.43
2023-02-02,3,2,0,0,0,29.21,383,22.17,9799.64
2023-02-03,4,2,0,0,0,27.26,293,23.75,7892.54
2023-02-04,5,2,1,0,0,31.17,423,27.67,12253.42
2023-02-05,6,2,1,0,0,27.23,412,28.67,13256.63
2023-02-06,0,2,0,0,0,30.23,375,27.47,11281.3
2023-02-07,1,2,0,0,0,26.03,429,26.3,11327.85
2023-02-08,2,2,0,0,0,27.43,345,26.02,8410.6
2023-02-09,3,2,0,0,0,30.61,368,25.27,9970.96
2023-02-10,4,2,0,0,0,31.83,316,25.33,7848.06
2023-02-11,5,2,1,0,0,30.83,383,24.53,10328.65
2023-02-12,6,2,1,0,0,30.39,449,23.74,10272.71
2023-02-13,0,2,0,0,0,30.14,403,23.01,9596.82
2023-02-14,1,2,0,0,0,27.91,403,22.26,8273.89
2023-02-15,2,2,0,0,0,29.55,325,21.32,7039.62
2023-02-16,3,2,0,0,0,30.2,307,22.52,6646.42
2023-02-17,4,2,0,0,0,33.35,295,22.42,5869.29
2023-02-18,5,2,1,0,0,32.04,399,22.16,8817.45
2023-02-19,6,2,1,0,0,27.94,452,23.86,11243.56
2023-02-20,0,2,0,0,0,32.23,386,18.12,6700.75
2023-02-21,1,2,0,0,0,30.92,357,19.33,6848.46
2023-02-22,2,2,0,0,0,30.45,376,18.44,7549.2
2023-02-23,3,2,0,0,0,33.13,343,16.71,4809.4
2023-02-24,4,2,0,0,0,34.08,318,19.5,6776.89
2023-02-25,5,2,1,0,0,33.98,430,21.15,9563.58
2023-02-26,6,2,1,0,0,30.54,460,23.91,11094.15
2023-02-27,0,2,0,0,0,31.69,396,21.48,7985.32
2023-02-28,1,2,0,0,0,33.07,392,19.45,7691.16
2023-03-01,2,3,0,0,0,34.45,328,24.26,8590.24
2023-03-02,3,3,0,1,0,31.63,471,27.33,13938.67
2023-03-03,4,3,0,1,0,32.3,442,26.89,13730.74
2023-03-04,5,3,1,1,0,30.55,542,27.68,16040.76
2023-03-05,6,3,1,1,0,30.45,539,27.03,16263.73
2023-03-06,0,3,0,1,0,34.54,489,26.8,13732.85
2023-03-07,1,3,0,0,0,35.71,422,25.8,11366.57
2023-03-08,2,3,0,0,0,32.93,370,27.2,10736.74
2023-03-09,3,3,0,0,0,35.15,350,26.8,9408.88
2023-03-10,4,3,0,0,0,33.93,309,23.75,6318.71
2023-03-11,5,3,1,0,0,31.99,408,24.2,10541.01
2023-03-12,6,3,1,0,0,34.06,466,25.88,12756.61
2023-03-13,0,3,0,0,0,36.47,375,21.21,8057.8
2023-03-14,1,3,0,0,0,33.38,399,23.95,9960.29
2023-03-15,2,3,0,0,0,36.64,361,22.8,7530.6
2023-03-16,3,3,0,0,0,28.32,323,21.82,7780.32
2023-03-17,4,3,0,0,0,35.26,302,19.61,6843.51
2023-03-18,5,3,1,0,0,33.83,414,23.75,9890.91
2023-03-19,6,3,1,0,0,33.1,432,21.68,10359.6
2023-03-20,0,3,0,0,0,33.92,421,18.78,8038.27
2023-03-21,1,3,0,0,1,29.8,456,15.83,7516.46
2023-03-22,2,3,0,0,0,33.37,369,19.79,7185.32
2023-03-23,3,3,0,0,0,34.56,324,22.28,6781.25
2023-03-24,4,3,0,0,0,36.83,347,22.01,7181.54
2023-03-25,5,3,1,0,0,32.86,414,20.33,8854.11
2023-03-26,6,3,1,0,0,32.31,471,20.22,9534.36
2023-03-27,0,3,0,0,0,32.94,353,20.54,6839.88
2023-03-28,1,3,0,0,0,35.79,405,18.64,8006.78
2023-03-29,2,3,0,0,0,34.63,397,20.98,8030.32
2023-03-30,3,3,0,0,0,32.92,337,22.13,8031.29
2023-03-31,4,3,0,0,0,35.02,338,23.32,8405.67
2023-04-01,5,4,1,0,0,34.19,397,23.35,9334.56
2023-04-02,6,4,1,0,0,35.94,480,23.71,11925.9
2023-04-03,0,4,0,0,0,32.6,448,21.7,10600.17
2023-04-04,1,4,0,0,0,33.34,390,22.23,8543.51
2023-04-05,2,4,0,0,0,33.2,363,23.52,8602.42
2023-04-06,3,4,0,0,0,31.05,372,24.72,9621.99
2023-04-07,4,4,0,0,0,34.56,351,25.75,9542.64
2023-04-08,5,4,1,0,0,34.47,397,24.78,10302.35
2023-04-09,6,4,1,0,0,33.94,434,28.23,12482.94
2023-04-10,0,4,0,0,0,33.44,383,23.97,9742.69
2023-04-11,1,4,0,0,0,31.06,365,24.13,9438.1
2023-04-12,2,4,0,0,0,33.02,351,22.74,8204.0
2023-04-13,3,4,0,0,0,33.14,310,19.83,5912.05
2023-04-14,4,4,0,0,0,32.19,291,24.34,6403.88
2023-04-15,5,4,1,0,0,33.44,408,25.13,10038.12
2023-04-16,6,4,1,1,0,34.53,580,26.58,16651.53
2023-04-17,0,4,0,1,0,37.45,558,25.08,14691.69
2023-04-18,1,4,0,1,0,33.98,503,25.26,13871.16
2023-04-19,2,4,0,1,0,34.1,528,21.69,12321.38
2023-04-20,3,4,0,1,0,33.39,459,22.85,11343.54
2023-04-21,4,4,0,0,0,29.65,308,21.03,6798.76
2023-04-22,5,4,1,0,0,33.37,425,19.24,8149.99
2023-04-23,6,4,1,0,0,33.49,415,21.45,9228.96
2023-04-24,0,4,0,0,0,38.23,397,17.48,7130.03
2023-04-25,1,4,0,0,0,32.86,400,20.32,9177.91
2023-04-26,2,4,0,0,0,33.78,384,19.78,9213.2
2023-04-27,3,4,0,0,0,33.04,340,17.72,6571.47
2023-04-28,4,4,0,0,0,30.7,369,22.28,8454.22
2023-04-29,5,4,1,0,0,35.24,390,21.38,9419.95
2023-04-30,6,4,1,0,0,34.38,428,21.76,11262.72
2023-05-01,0,5,0,0,1,34.38,450,22.3,11581.92
2023-05-02,1,5,0,0,0,30.9,380,24.24,11034.38
2023-05-03,2,5,0,0,0,35.44,354,21.49,8684.63
2023-05-04,3,5,0,0,0,29.74,360,23.56,9623.81
2023-05-05,4,5,0,0,0,33.63,341,24.5,8806.03
2023-05-06,5,5,1,0,0,36.74,390,26.7,11180.6
2023-05-07,6,5,1,0,0,30.28,418,26.14,11804.04
2023-05-08,0,5,0,0,0,31.03,396,23.94,9124.59
2023-05-09,1,5,0,0,0,32.26,378,23.24,8381.62
2023-05-10,2,5,0,0,0,30.95,383,24.51,8674.04
2023-05-11,3,5,0,0,0,28.76,333,22.56,7436.61
2023-05-12,4,5,0,0,0,31.89,265,19.48,5197.38
2023-05-13,5,5,1,0,0,29.51,440,25.62,11637.57
2023-05-14,6,5,1,0,0,32.47,481,25.87,13346.99
2023-05-15,0,5,0,0,0,29.57,366,18.98,6602.94
2023-05-16,1,5,0,0,0,34.4,380,20.49,7771.79
2023-05-17,2,5,0,0,0,29.61,372,22.41,7571.61
2023-05-18,3,5,0,0,0,30.41,334,24.07,7646.96
2023-05-19,4,5,0,0,0,32.56,317,20.56,6678.65
2023-05-20,5,5,1,0,0,28.35,449,20.55,10031.16
2023-05-21,6,5,1,0,0,31.14,429,21.06,9402.45
2023-05-22,0,5,0,0,0,33.17,358,21.68,7807.1
2023-05-23,1,5,0,0,0,27.21,352,18.54,5994.9
2023-05-24,2,5,0,0,0,30.66,343,18.31,6337.89
2023-05-25,3,5,0,0,0,30.67,321,18.9,6741.21
2023-05-26,4,5,0,0,0,31.58,342,18.4,6866.98
2023-05-27,5,5,1,0,0,27.4,382,21.83,9405.58
2023-05-28,6,5,1,0,0,27.1,436,24.47,11541.32
2023-05-29,0,5,0,0,0,30.64,374,21.47,8374.18
2023-05-30,1,5,0,0,0,30.05,413,21.1,8732.49
2023-05-31,2,5,0,1,0,29.81,551,25.06,16146.17
2023-06-01,3,6,0,1,0,29.85,435,23.67,11554.11
2023-06-02,4,6,0,1,0,27.65,411,27.84,12665.51
2023-06-03,5,6,1,1,0,29.33,548,28.35,16726.97
2023-06-04,6,6,1,1,0,29.3,574,28.59,16791.66
2023-06-05,0,6,0,0,0,27.13,417,28.95,12487.99
2023-06-06,1,6,0,0,0,32.14,394,24.83,9415.68
2023-06-07,2,6,0,0,0,29.2,345,23.36,7452.73
2023-06-08,3,6,0,0,0,25.71,330,23.85,7908.92
2023-06-09,4,6,0,0,0,29.25,318,26.1,7808.06
2023-06-10,5,6,1,0,0,25.83,409,25.83,11200.22
2023-06-11,6,6,1,0,0,29.19,435,23.2,10519.65
2023-06-12,0,6,0,0,0,29.77,394,24.85,9757.28
2023-06-13,1,6,0,0,0,25.65,405,22.01,7984.03
2023-06-14,2,6,0,0,0,29.06,385,25.33,10723.78
2023-06-15,3,6,0,0,0,27.79,327,23.62,8323.08
2023-06-16,4,6,0,0,0,28.45,282,20.81,6250.39
2023-06-17,5,6,1,0,0,30.43,388,24.4,10653.84
2023-06-18,6,6,1,0,0,25.98,449,22.13,10337.06
2023-06-19,0,6,0,0,0,24.8,343,21.42,7608.84
2023-06-20,1,6,0,0,0,24.36,381,20.56,7522.0
2023-06-21,2,6,0,0,0,24.34,337,18.35,5793.47
2023-06-22,3,6,0,0,0,25.64,307,18.55,5283.43
2023-06-23,4,6,0,0,0,26.31,314,21.06,7428.89
2023-06-24,5,6,1,0,0,26.01,385,20.62,8496.76
2023-06-25,6,6,1,0,0,26.94,416,20.73,10163.86
2023-06-26,0,6,0,0,0,25.14,325,18.71,6180.86
2023-06-27,1,6,0,0,0,27.85,386,21.17,7718.65
2023-06-28,2,6,0,0,0,24.24,358,24.08,8391.85
2023-06-29,3,6,0,0,0,30.04,357,19.88,7871.5
2023-06-30,4,6,0,0,1,25.68,350,22.04,8445.71
2023-07-01,5,7,1,0,0,22.54,381,26.14,10290.49
2023-07-02,6,7,1,0,0,21.94,417,24.4,10746.81
2023-07-03,0,7,0,0,0,24.88,394,24.15,9663.02
2023-07-04,1,7,0,0,0,23.29,361,22.26,8386.83
2023-07-05,2,7,0,0,0,25.0,345,24.81,8993.05
2023-07-06,3,7,0,0,0,24.34,314,24.1,7131.86
2023-07-07,4,7,0,0,0,23.08,278,25.96,6304.82
2023-07-08,5,7,1,0,0,21.36,360,27.77,9969.92
2023-07-09,6,7,1,0,0,19.85,411,29.76,12498.49
2023-07-10,0,7,0,0,0,21.82,378,25.03,8686.42
2023-07-11,1,7,0,0,0,24.25,333,24.35,7362.49
2023-07-12,2,7,0,0,0,22.8,337,23.76,7888.18
2023-07-13,3,7,0,0,0,19.71,277,22.49,5989.62
2023-07-14,4,7,0,0,0,22.38,299,23.03,6748.87
2023-07-15,5,7,1,1,0,22.64,459,26.56,13121.83
2023-07-16,6,7,1,1,0,19.93,518,26.73,15092.46
2023-07-17,0,7,0,1,0,21.84,486,26.46,13371.54
2023-07-18,1,7,0,1,0,21.48,524,22.52,13202.93
2023-07-19,2,7,0,1,0,18.91,458,25.35,13144.38
2023-07-20,3,7,0,0,0,21.75,276,21.81,5462.42
2023-07-21,4,7,0,0,0,21.99,312,19.45,5965.46
2023-07-22,5,7,1,0,0,22.87,327,17.83,5998.2
2023-07-23,6,7,1,0,0,22.65,343,20.1,7451.79
2023-07-24,0,7,0,0,0,17.63,354,21.57,7939.46
2023-07-25,1,7,0,0,0,18.35,338,19.8,6355.4
2023-07-26,2,7,0,0,0,21.09,300,18.64,5450.8
2023-07-27,3,7,0,0,0,20.93,304,19.77,5776.52
2023-07-28,4,7,0,0,0,20.78,267,22.24,6183.21
2023-07-29,5,7,1,0,0,27.3,345,23.8,9520.09
2023-07-30,6,7,1,0,0,20.58,362,23.14,10151.9
2023-07-31,0,7,0,0,0,21.56,361,21.97,8632.86
2023-08-01,1,8,0,0,0,21.05,363,22.43,8444.22
2023-08-02,2,8,0,0,0,20.29,320,22.09,7428.33
2023-08-03,3,8,0,0,0,18.21,329,26.28,9125.53
2023-08-04,4,8,0,0,0,20.21,231,23.68,5757.95
2023-08-05,5,8,1,0,0,17.0,318,27.7,8382.56
2023-08-06,6,8,1,0,0,17.93,373,28.27,11068.09
2023-08-07,0,8,0,0,0,17.29,334,25.98,8701.22
2023-08-08,1,8,0,0,0,18.29,349,23.73,7449.71
2023-08-09,2,8,0,0,0,22.61,312,24.77,7823.05
2023-08-10,3,8,0,0,0,14.11,288,23.82,7334.01
2023-08-11,4,8,0,0,0,19.08,223,22.11,4273.53
2023-08-12,5,8,1,0,0,14.35,388,25.0,9709.24
2023-08-13,6,8,1,0,0,16.5,385,22.25,9524.2
2023-08-14,0,8,0,0,0,19.5,360,23.78,8760.86
2023-08-15,1,8,0,0,0,17.32,349,20.78,7652.24
2023-08-16,2,8,0,0,0,14.91,327,21.28,7330.05
2023-08-17,3,8,0,0,0,15.51,290,20.96,6527.85
2023-08-18,4,8,0,0,0,18.18,262,19.75,4892.93
2023-08-19,5,8,1,0,1,15.24,445,22.21,11845.97
2023-08-20,6,8,1,0,0,17.02,417,20.41,9887.29
2023-08-21,0,8,0,0,0,16.56,334,20.82,7191.88
2023-08-22,1,8,0,0,0,15.06,355,17.49,6504.72
2023-08-23,2,8,0,0,0,20.54,310,19.81,5725.74
2023-08-24,3,8,0,0,0,17.41,309,22.74,7476.3
2023-08-25,4,8,0,0,0,11.99,231,18.64,4715.13
2023-08-26,5,8,1,0,0,16.31,392,21.01,8785.82
2023-08-27,6,8,1,0,0,14.51,380,23.25,9840.96
2023-08-28,0,8,0,0,0,17.44,290,21.75,6079.28
2023-08-29,1,8,0,1,0,14.06,468,26.03,13134.25
2023-08-30,2,8,0,1,0,15.32,423,26.75,11488.18
2023-08-31,3,8,0,1,0,16.47,422,27.47,12158.1
2023-09-01,4,9,0,1,0,17.1,360,28.63,10763.0
2023-09-02,5,9,1,1,0,12.88,463,29.47,14754.77
2023-09-03,6,9,1,0,0,14.53,332,25.3,8383.31
2023-09-04,0,9,0,0,0,14.17,313,25.39,7546.68
2023-09-05,1,9,0,0,0,13.73,272,27.34,7492.86
2023-09-06,2,9,0,0,0,18.5,268,24.29,6039.54
2023-09-07,3,9,0,0,0,15.7,288,22.92,5659.78
2023-09-08,4,9,0,0,0,12.3,264,25.83,7454.57
2023-09-09,5,9,1,0,0,16.59,353,25.18,9932.31
2023-09-10,6,9,1,0,0,18.94,353,21.71,7582.11
2023-09-11,0,9,0,0,0,16.7,321,24.29,8185.34
2023-09-12,1,9,0,0,0,11.53,331,21.72,7814.84
2023-09-13,2,9,0,0,0,13.55,277,21.86,7092.01
2023-09-14,3,9,0,0,0,17.0,305,21.98,7809.94
2023-09-15,4,9,0,0,0,13.0,265,21.27,6546.41
2023-09-16,5,9,1,0,0,15.25,336,23.09,8946.77
2023-09-17,6,9,1,0,0,15.87,377,20.99,8452.49
2023-09-18,0,9,0,0,0,12.42,326,20.6,7544.54
2023-09-19,1,9,0,0,0,14.12,279,19.23,5306.19
2023-09-20,2,9,0,0,0,7.72,299,20.62,6408.79
2023-09-21,3,9,0,0,0,12.12,249,20.44,4985.69
2023-09-22,4,9,0,0,0,13.64,217,18.22,4412.52
2023-09-23,5,9,1,0,0,11.62,333,22.96,8892.82
2023-09-24,6,9,1,0,0,17.35,420,20.84,8991.78
2023-09-25,0,9,0,0,0,11.21,336,21.74,7334.49
2023-09-26,1,9,0,0,0,13.17,315,21.53,6854.95
2023-09-27,2,9,0,0,0,14.29,319,24.24,7726.74
2023-09-28,3,9,0,0,0,16.9,301,21.66,6280.2
2023-09-29,4,9,0,0,0,11.14,264,22.0,5826.87
2023-09-30,5,9,1,0,0,16.33,341,24.49,8726.88
2023-10-01,6,10,1,0,0,14.02,359,24.51,8392.14
2023-10-02,0,10,0,0,0,12.04,338,25.06,8520.18
2023-10-03,1,10,0,0,0,14.93,339,21.74,7453.8
2023-10-04,2,10,0,0,0,14.41,327,22.8,6838.48
2023-10-05,3,10,0,0,0,12.82,281,22.88,6228.13
2023-10-06,4,10,0,0,0,14.17,267,25.91,7073.61
2023-10-07,5,10,1,0,0,13.27,327,28.44,9627.81
2023-10-08,6,10,1,0,0,14.28,408,25.51,11390.92
2023-10-09,0,10,0,0,0,15.4,325,23.6,8811.62
2023-10-10,1,10,0,0,0,17.27,381,23.57,8778.34
2023-10-11,2,10,0,0,0,11.65,288,24.76,6727.63
2023-10-12,3,10,0,0,0,18.42,309,21.13,6939.53
2023-10-13,4,10,0,1,0,10.28,377,25.86,11239.26
2023-10-14,5,10,1,1,0,13.92,454,27.94,14272.09
2023-10-15,6,10,1,1,0,15.44,494,26.73,15558.59
2023-10-16,0,10,0,1,0,14.86,443,24.31,11358.18
2023-10-17,1,10,0,1,0,13.1,471,25.14,13318.09
2023-10-18,2,10,0,0,0,13.97,319,15.78,5034.82
2023-10-19,3,10,0,0,0,13.45,253,20.64,6213.86
2023-10-20,4,10,0,0,0,13.31,242,18.53,5532.75
2023-10-21,5,10,1,0,0,16.24,395,18.27,7449.54
2023-10-22,6,10,1,0,0,15.32,420,21.89,9446.5
2023-10-23,0,10,0,0,0,13.28,333,21.9,7601.63
2023-10-24,1,10,0,0,0,16.52,332,19.94,6294.01
2023-10-25,2,10,0,0,0,15.4,310,21.96,6568.94
2023-10-26,3,10,0,0,0,16.48,284,23.4,6383.38
2023-10-27,4,10,0,0,0,16.19,219,23.45,4656.36
2023-10-28,5,10,1,0,1,13.35,417,25.96,12327.87
2023-10-29,6,10,1,0,0,13.96,337,25.13,9008.43
2023-10-30,0,10,0,0,0,16.65,334,23.13,7862.29
2023-10-31,1,10,0,0,0,16.46,349,21.07,8387.73
2023-11-01,2,11,0,0,0,15.28,297,23.49,6137.46
2023-11-02,3,11,0,0,0,15.65,310,22.9,7246.72
2023-11-03,4,11,0,0,0,18.06,216,27.63,5690.69
2023-11-04,5,11,1,0,0,14.41,309,25.72,8243.71
2023-11-05,6,11,1,0,0,16.78,387,26.17,10983.46
2023-11-06,0,11,0,0,0,15.38,353,25.2,9126.51
2023-11-07,1,11,0,0,0,15.45,378,24.23,9567.58
2023-11-08,2,11,0,0,0,18.18,300,26.4,8573.9
2023-11-09,3,11,0,0,0,17.74,300,22.54,6886.55
2023-11-10,4,11,0,0,0,17.82,248,23.31,5820.71
2023-11-11,5,11,1,0,0,18.92,344,22.91,8233.95
2023-11-12,6,11,1,0,0,16.46,406,21.52,9215.69
2023-11-13,0,11,0,0,0,17.89,345,20.56,8761.52
2023-11-14,1,11,0,0,0,16.03,299,20.93,7133.51
2023-11-15,2,11,0,0,0,17.41,351,19.89,6647.05
2023-11-16,3,11,0,0,0,16.62,310,19.1,5544.12
2023-11-17,4,11,0,0,0,17.2,236,17.73,4552.98
2023-11-18,5,11,1,0,0,18.32,361,21.0,8405.15
2023-11-19,6,11,1,0,0,15.62,399,18.76,8232.24
2023-11-20,0,11,0,0,0,21.57,339,20.65,6807.74
2023-11-21,1,11,0,0,0,15.5,327,19.75,6249.94
2023-11-22,2,11,0,0,0,15.22,300,17.65,5224.32
2023-11-23,3,11,0,0,0,20.1,278,19.68,5236.05
2023-11-24,4,11,0,0,0,19.5,284,19.4,4195.58
2023-11-25,5,11,1,0,0,19.3,368,22.96,8504.65
2023-11-26,6,11,1,0,0,19.45,380,24.99,9263.07
2023-11-27,0,11,0,1,0,18.31,485,22.69,12492.27
2023-11-28,1,11,0,1,0,16.68,403,26.19,12432.6
2023-11-29,2,11,0,1,0,18.77,479,26.28,13329.85
2023-11-30,3,11,0,1,0,17.41,369,27.98,10815.31
2023-12-01,4,12,0,1,0,20.86,379,27.68,11603.67
2023-12-02,5,12,1,0,0,18.77,330,24.54,8737.53
2023-12-03,6,12,1,0,0,17.56,361,25.4,9858.44
2023-12-04,0,12,0,0,0,18.72,368,23.29,8921.69
2023-12-05,1,12,0,0,0,20.34,336,26.1,9846.9
2023-12-06,2,12,0,0,0,18.54,333,24.41,7837.85
2023-12-07,3,12,0,0,0,18.18,285,27.02,8187.48
2023-12-08,4,12,0,0,0,20.47,274,23.77,6411.45
2023-12-09,5,12,1,0,0,20.63,363,23.91,9770.54
2023-12-10,6,12,1,0,0,19.29,365,22.25,8557.84
2023-12-11,0,12,0,0,0,19.52,368,19.82,8147.17
2023-12-12,1,12,0,0,0,21.09,340,19.62,7553.35
2023-12-13,2,12,0,0,0,17.89,289,21.88,7736.08
2023-12-14,3,12,0,0,0,18.14,279,21.75,7399.78
2023-12-15,4,12,0,0,0,19.68,304,18.16,5811.93
2023-12-16,5,12,1,0,0,20.85,387,22.98,9495.86
2023-12-17,6,12,1,0,0,22.07,392,20.61,8259.81
2023-12-18,0,12,0,0,0,24.56,338,19.84,6061.71
2023-12-19,1,12,0,0,0,23.5,348,21.93,7382.12
2023-12-20,2,12,0,0,0,21.63,384,20.86,7653.2
2023-12-21,3,12,0,0,0,22.08,303,19.22,6642.04
2023-12-22,4,12,0,0,0,20.28,281,18.5,5077.99
2023-12-23,5,12,1,0,0,22.42,395,18.41,6810.8
2023-12-24,6,12,1,0,0,22.05,411,20.95,8506.3
2023-12-25,0,12,0,0,0,23.44,344,20.67,7228.88
2023-12-26,1,12,0,0,0,21.31,355,20.0,7724.46
2023-12-27,2,12,0,0,0,24.18,335,21.8,6315.67
2023-12-28,3,12,0,0,0,26.38,297,22.64,5659.89
2023-12-29,4,12,0,0,0,23.27,293,22.68,7335.32
2023-12-30,5,12,1,0,0,24.46,375,23.99,9593.69
2023-12-31,6,12,1,0,1,25.21,508,25.61,13769.15
2024-01-01,0,1,0,0,1,23.2,433,24.83,11719.86
2024-01-02,1,1,0,0,0,24.62,366,22.74,7288.61
2024-01-03,2,1,0,0,0,24.37,291,26.6,7960.34
2024-01-04,3,1,0,0,0,24.71,325,24.34,8331.66
2024-01-05,4,1,0,0,0,23.14,287,24.41,7736.93
2024-01-06,5,1,1,0,0,24.91,403,26.73,11157.16
2024-01-07,6,1,1,0,0,26.03,341,25.71,9655.67
2024-01-08,0,1,0,0,0,28.1,412,24.9,10183.58
2024-01-09,1,1,0,0,0,27.29,365,23.45,8989.51
2024-01-10,2,1,0,0,0,29.85,373,21.6,7927.54
2024-01-11,3,1,0,1,0,24.18,410,26.04,11560.98
2024-01-12,4,1,0,1,0,27.63,428,23.26,10509.02
2024-01-13,5,1,1,1,0,26.42,486,26.15,14429.79
2024-01-14,6,1,1,1,0,30.6,532,25.48,15291.66
2024-01-15,0,1,0,1,0,24.77,541,23.33,13288.07
2024-01-16,1,1,0,0,0,24.87,368,19.64,7092.87
2024-01-17,2,1,0,0,0,25.52,354,16.8,5077.11
2024-01-18,3,1,0,0,0,22.64,332,18.69,5796.58
2024-01-19,4,1,0,0,0,26.0,299,19.65,5537.42
2024-01-20,5,1,1,0,0,25.69,390,21.36,9668.53
2024-01-21,6,1,1,0,0,27.68,431,19.79,8179.1
2024-01-22,0,1,0,0,0,28.22,428,22.04,9750.77
2024-01-23,1,1,0,0,0,31.45,375,19.23,7344.5
2024-01-24,2,1,0,0,0,29.76,358,22.44,7886.17
2024-01-25,3,1,0,0,0,26.86,341,22.12,8816.08
2024-01-26,4,1,0,0,0,26.38,318,21.03,7403.13
2024-01-27,5,1,1,0,0,29.31,420,26.68,12502.84
2024-01-28,6,1,1,0,0,25.84,442,22.73,11222.76
2024-01-29,0,1,0,0,0,32.3,343,24.85,9852.04
2024-01-30,1,1,0,0,0,31.15,421,25.36,12221.83
2024-01-31,2,1,0,0,0,28.0,328,23.16,8433.15
2024-02-01,3,2,0,0,0,25.66,326,26.47,8309.2
2024-02-02,4,2,0,0,0,31.94,276,24.11,6878.36
2024-02-03,5,2,1,0,0,29.15,392,26.42,10837.85
2024-02-04,6,2,1,0,0,32.0,438,26.27,12327.67
2024-02-05,0,2,0,0,0,26.48,383,23.96,10074.75
2024-02-06,1,2,0,0,0,28.61,395,25.07,10012.2
2024-02-07,2,2,0,0,0,29.96,401,24.66,10143.03
2024-02-08,3,2,0,0,0,30.18,333,20.39,7034.2
2024-02-09,4,2,0,0,0,29.32,292,24.48,7681.81
2024-02-10,5,2,1,0,0,31.6,421,21.01,8411.99
2024-02-11,6,2,1,0,0,28.35,462,24.53,11559.84
2024-02-12,0,2,0,0,0,30.33,348,22.67,7906.36
2024-02-13,1,2,0,0,0,30.99,402,18.89,7981.96
2024-02-14,2,2,0,0,0,31.9,381,19.53,7001.35
2024-02-15,3,2,0,0,0,32.42,318,18.18,4663.15
2024-02-16,4,2,0,0,0,28.87,335,19.3,6429.03
2024-02-17,5,2,1,0,0,28.17,396,20.55,8010.66
2024-02-18,6,2,1,0,0,33.91,439,22.18,9351.67
2024-02-19,0,2,0,0,0,32.13,377,21.59,7517.25
2024-02-20,1,2,0,0,0,30.09,391,21.93,8176.25
2024-02-21,2,2,0,0,0,34.8,339,19.3,5996.92
2024-02-22,3,2,0,0,0,32.03,292,20.22,4693.51
2024-02-23,4,2,0,0,0,34.27,344,18.46,6602.06
2024-02-24,5,2,1,0,0,32.15,382,21.77,9311.95
2024-02-25,6,2,1,1,0,36.24,544,28.45,17119.98
2024-02-26,0,2,0,1,0,35.73,460,28.44,13498.32
2024-02-27,1,2,0,1,0,31.81,507,24.67,13418.88
2024-02-28,2,2,0,1,0,34.35,466,26.08,13218.57
2024-02-29,3,2,0,1,0,33.79,501,27.32,15080.42
2024-03-01,4,3,0,0,0,35.32,331,24.59,8755.38
2024-03-02,5,3,1,0,0,30.74,388,24.66,10078.93
2024-03-03,6,3,1,0,0,34.13,497,26.62,14117.04
2024-03-04,0,3,0,0,0,34.96,411,23.78,10320.58
2024-03-05,1,3,0,0,0,29.4,387,24.36,10397.78
2024-03-06,2,3,0,0,0,30.63,309,24.98,8309.49
2024-03-07,3,3,0,0,0,28.99,389,23.87,9858.73
2024-03-08,4,3,0,0,0,32.6,273,22.81,6416.71
2024-03-09,5,3,1,0,0,34.64,366,24.35,10124.69
2024-03-10,6,3,1,0,0,36.28,468,23.89,12564.91
2024-03-11,0,3,0,0,0,33.49,449,21.44,9861.19
2024-03-12,1,3,0,0,0,36.66,431,21.09,10269.45
2024-03-13,2,3,0,0,0,30.7,387,23.38,9843.9
2024-03-14,3,3,0,0,0,30.1,349,21.37,7685.12
2024-03-15,4,3,0,0,0,33.45,331,19.7,5989.59
2024-03-16,5,3,1,0,0,34.38,427,22.38,9848.49
2024-03-17,6,3,1,0,0,33.59,451,20.62,9658.05
2024-03-18,0,3,0,0,0,29.57,392,21.27,8085.4
2024-03-19,1,3,0,0,0,33.56,396,20.07,7772.47
2024-03-20,2,3,0,0,1,31.17,435,19.46,9606.44
2024-03-21,3,3,0,0,0,35.15,328,20.51,6991.25
2024-03-22,4,3,0,0,0,34.58,268,17.79,4701.65
2024-03-23,5,3,1,0,0,31.99,407,20.34,9124.09
2024-03-24,6,3,1,0,0,32.87,420,20.69,8725.16
2024-03-25,0,3,0,0,0,31.8,362,21.69,8108.73
2024-03-26,1,3,0,0,0,33.82,403,24.6,10879.85
2024-03-27,2,3,0,0,0,35.87,409,25.87,10700.93
2024-03-28,3,3,0,0,0,32.0,358,23.97,8473.47
2024-03-29,4,3,0,0,0,34.99,272,24.22,6609.74
2024-03-30,5,3,1,0,0,32.93,385,22.66,9074.99
2024-03-31,6,3,1,0,0,32.41,469,24.85,12151.51
2024-04-01,0,4,0,0,0,33.79,366,23.2,8665.7
2024-04-02,1,4,0,0,0,31.93,393,23.56,8941.91
2024-04-03,2,4,0,0,0,32.89,388,24.23,9681.91
2024-04-04,3,4,0,0,0,31.59,311,23.67,7985.62
2024-04-05,4,4,0,0,0,37.91,314,21.2,6400.17
2024-04-06,5,4,1,0,0,34.04,376,26.48,11218.04
2024-04-07,6,4,1,0,0,32.55,430,23.36,10774.66
2024-04-08,0,4,0,0,0,34.36,398,23.38,9691.12
2024-04-09,1,4,0,0,0,33.69,359,25.63,8753.29
2024-04-10,2,4,0,1,0,33.44,515,24.12,13438.11
2024-04-11,3,4,0,1,0,35.09,464,21.18,9912.51
2024-04-12,4,4,0,1,0,35.34,454,24.05,11853.97
2024-04-13,5,4,1,1,0,32.74,545,27.18,15899.2
2024-04-14,6,4,1,1,0,32.61,608,28.08,18321.6
2024-04-15,0,4,0,0,0,33.17,392,17.99,6181.84
2024-04-16,1,4,0,0,0,29.08,387,20.37,7165.07
2024-04-17,2,4,0,0,0,30.6,376,18.82,7071.43
2024-04-18,3,4,0,0,0,36.32,348,19.35,6088.82
2024-04-19,4,4,0,0,0,36.83,311,23.59,8293.07
2024-04-20,5,4,1,0,0,32.99,409,19.08,7610.63
2024-04-21,6,4,1,0,0,34.58,425,22.02,10240.18
2024-04-22,0,4,0,0,0,33.99,371,21.23,7399.58
2024-04-23,1,4,0,0,0,39.47,361,22.61,8562.6
2024-04-24,2,4,0,0,0,35.48,416,21.63,10197.84
2024-04-25,3,4,0,0,0,32.92,301,22.46,7420.55
2024-04-26,4,4,0,0,0,31.19,291,21.93,7658.88
2024-04-27,5,4,1,0,0,29.82,388,24.92,11327.38
2024-04-28,6,4,1,0,0,33.37,464,24.45,12652.32
2024-04-29,0,4,0,0,0,31.37,379,24.79,9282.79
2024-04-30,1,4,0,0,1,29.96,506,23.61,12028.82
2024-05-01,2,5,0,0,0,31.42,353,24.94,9234.8
2024-05-02,3,5,0,0,0,30.47,338,24.44,7774.78
2024-05-03,4,5,0,0,0,35.92,285,26.18,7656.06
2024-05-04,5,5,1,0,0,34.22,458,25.8,12275.73
2024-05-05,6,5,1,0,0,32.34,410,23.01,10239.71
2024-05-06,0,5,0,0,0,35.22,392,25.75,9880.2
2024-05-07,1,5,0,0,0,32.32,408,22.11,8720.77
2024-05-08,2,5,0,0,0,30.34,378,22.04,8442.24
2024-05-09,3,5,0,0,0,35.01,324,21.63,6885.26
2024-05-10,4,5,0,0,0,32.93,300,24.06,7044.93
2024-05-11,5,5,1,0,0,29.67,403,19.78,8341.29
2024-05-12,6,5,1,0,0,31.26,433,27.19,11232.26
2024-05-13,0,5,0,0,0,29.78,406,22.11,8975.99
2024-05-14,1,5,0,0,0,28.65,445,20.48,9073.87
2024-05-15,2,5,0,0,0,33.15,351,19.75,6201.1
2024-05-16,3,5,0,0,0,35.0,291,20.05,5506.49
2024-05-17,4,5,0,0,0,28.26,299,20.3,5900.15
2024-05-18,5,5,1,0,0,32.06,464,21.98,10560.31
2024-05-19,6,5,1,0,0,29.51,414,21.96,9741.68
2024-05-20,0,5,0,0,0,29.71,420,19.97,9109.4
2024-05-21,1,5,0,0,0,29.37,429,19.85,9154.3
2024-05-22,2,5,0,0,0,28.69,348,20.3,6692.12
2024-05-23,3,5,0,0,0,30.38,337,20.69,7526.1
2024-05-24,4,5,0,0,0,28.49,338,23.18,8748.2
2024-05-25,5,5,1,1,0,30.56,516,27.89,16256.53
2024-05-26,6,5,1,1,0,29.78,555,23.11,15016.99
2024-05-27,0,5,0,1,0,29.26,491,27.5,15599.25
2024-05-28,1,5,0,1,0,27.78,488,27.26,14928.89
2024-05-29,2,5,0,1,0,28.3,472,27.33,14135.59
2024-05-30,3,5,0,0,0,30.82,288,23.58,8379.55
2024-05-31,4,5,0,0,0,30.16,295,26.06,7904.76
2024-06-01,5,6,1,0,0,27.06,373,27.41,10812.57
2024-06-02,6,6,1,0,0,29.06,433,24.83,11093.25
2024-06-03,0,6,0,0,0,30.21,333,24.99,8947.32
2024-06-04,1,6,0,0,0,25.22,388,22.71,8291.33
2024-06-05,2,6,0,0,0,29.49,376,21.79,8664.38
2024-06-06,3,6,0,0,0,26.92,266,22.53,5944.28
2024-06-07,4,6,0,0,0,29.23,300,24.31,6347.97
2024-06-08,5,6,1,0,0,26.41,419,25.45,11687.77
2024-06-09,6,6,1,0,0,24.17,393,24.27,9443.1
2024-06-10,0,6,0,0,0,24.36,410,22.57,9893.95
2024-06-11,1,6,0,0,0,27.55,386,21.76,9182.38
2024-06-12,2,6,0,0,0,27.81,333,19.57,6676.61
2024-06-13,3,6,0,0,0,25.32,310,20.79,6282.28
2024-06-14,4,6,0,0,0,28.24,300,21.04,7039.51
2024-06-15,5,6,1,0,0,23.48,387,22.25,8805.28
2024-06-16,6,6,1,0,0,26.5,433,22.8,9895.89
2024-06-17,0,6,0,0,0,24.05,341,20.58,7762.41
2024-06-18,1,6,0,0,0,25.0,376,20.15,8611.42
2024-06-19,2,6,0,0,0,26.23,312,21.44,6909.16
2024-06-20,3,6,0,0,0,24.25,305,20.1,6859.3
2024-06-21,4,6,0,0,0,25.03,260,19.21,5913.6
2024-06-22,5,6,1,0,0,27.64,362,22.24,8557.99
2024-06-23,6,6,1,0,0,24.3,446,21.86,10381.17
2024-06-24,0,6,0,0,0,26.96,387,20.99,9018.25
2024-06-25,1,6,0,0,0,22.86,383,22.3,9614.5
2024-06-26,2,6,0,0,0,26.0,316,21.83,7425.22
2024-06-27,3,6,0,0,0,27.66,295,23.01,6610.25
2024-06-28,4,6,0,0,0,19.66,309,21.02,7541.22
2024-06-29,5,6,1,0,1,22.84,460,25.99,12944.35
2024-06-30,6,6,1,0,0,25.41,469,25.88,12486.91
2024-07-01,0,7,0,0,0,23.68,365,23.26,8566.07
2024-07-02,1,7,0,0,0,24.66,368,25.48,9924.15
2024-07-03,2,7,0,0,0,22.53,331,25.78,8699.25
2024-07-04,3,7,0,0,0,23.74,302,21.75,6481.55
2024-07-05,4,7,0,0,0,23.09,270,22.71,6024.84
2024-07-06,5,7,1,0,0,25.56,390,23.82,9468.16
2024-07-07,6,7,1,0,0,23.56,431,23.11,10361.57
2024-07-08,0,7,0,0,0,23.56,332,23.76,6408.79
2024-07-09,1,7,0,1,0,21.89,456,25.21,11896.95
2024-07-10,2,7,0,1,0,21.57,419,24.58,10983.97
2024-07-11,3,7,0,1,0,21.51,437,21.48,9500.58
2024-07-12,4,7,0,1,0,22.99,372,24.98,10164.55
2024-07-13,5,7,1,1,0,21.19,444,23.28,11516.43
2024-07-14,6,7,1,0,0,22.44,412,21.42,10115.0
2024-07-15,0,7,0,0,0,25.85,409,20.04,8982.1
2024-07-16,1,7,0,0,0,23.27,355,21.55,7592.5
2024-07-17,2,7,0,0,0,20.71,351,17.55,6310.39
2024-07-18,3,7,0,0,0,23.6,293,15.09,4661.73
2024-07-19,4,7,0,0,0,20.22,263,20.11,5401.02
2024-07-20,5,7,1,0,0,16.79,387,24.34,10348.57
2024-07-21,6,7,1,0,0,18.69,391,23.89,9849.76
2024-07-22,0,7,0,0,0,16.8,350,21.3,7287.45
2024-07-23,1,7,0,0,0,19.68,359,20.74,8741.22
2024-07-24,2,7,0,0,0,20.26,310,23.21,8452.03
2024-07-25,3,7,0,0,0,23.42,312,21.06,7127.0
2024-07-26,4,7,0,0,0,20.56,257,23.73,7353.38
2024-07-27,5,7,1,0,0,19.31,341,25.73,9767.6
2024-07-28,6,7,1,0,0,21.25,408,26.95,11609.52
2024-07-29,0,7,0,0,0,15.02,317,28.3,10162.37
2024-07-30,1,7,0,0,0,19.76,348,24.97,8522.58
2024-07-31,2,7,0,0,0,20.68,322,23.72,7624.25
2024-08-01,3,8,0,0,0,16.03,310,24.45,7073.47
2024-08-02,4,8,0,0,0,21.13,270,21.72,5460.65
2024-08-03,5,8,1,0,0,19.37,356,24.62,8830.86
2024-08-04,6,8,1,0,0,17.72,411,24.74,9982.18
2024-08-05,0,8,0,0,0,19.67,370,22.68,7970.83
2024-08-06,1,8,0,0,0,22.8,358,23.25,7311.28
2024-08-07,2,8,0,0,0,18.49,319,21.29,6296.85
2024-08-08,3,8,0,0,0,18.48,247,23.68,5502.54
2024-08-09,4,8,0,0,0,16.93,228,21.48,4630.3
2024-08-10,5,8,1,0,0,16.01,345,22.47,8065.59
2024-08-11,6,8,1,0,0,19.24,372,21.54,8485.09
2024-08-12,0,8,0,0,0,15.74,328,20.37,6974.99
2024-08-13,1,8,0,0,0,17.46,342,21.07,7751.33
2024-08-14,2,8,0,0,0,16.24,329,18.32,5953.11
2024-08-15,3,8,0,0,0,18.03,274,18.53,4809.42
2024-08-16,4,8,0,0,0,17.61,264,19.06,4878.26
2024-08-17,5,8,1,0,0,18.9,351,19.1,7326.08
2024-08-18,6,8,1,0,1,15.68,415,20.11,9687.29
2024-08-19,0,8,0,0,0,16.05,306,19.43,5940.31
2024-08-20,1,8,0,0,0,14.52,334,21.84,7026.65
2024-08-21,2,8,0,0,0,15.47,283,21.38,6118.93
2024-08-22,3,8,0,0,0,17.01,288,21.77,6569.62
2024-08-23,4,8,0,1,0,17.66,417,26.78,12436.88
2024-08-24,5,8,1,1,0,14.19,507,27.31,15023.21
2024-08-25,6,8,1,1,0,17.67,506,28.6,15635.75
2024-08-26,0,8,0,1,0,18.55,494,26.81,13599.24
2024-08-27,1,8,0,1,0,16.56,469,27.76,13703.43
2024-08-28,2,8,0,0,0,19.39,302,23.29,6433.57
2024-08-29,3,8,0,0,0,14.0,256,20.72,5288.59
2024-08-30,4,8,0,0,0,12.97,239,24.28,4683.94
2024-08-31,5,8,1,0,0,11.81,335,28.12,9417.14
2024-09-01,6,9,1,0,0,18.28,384,27.27,10757.18
2024-09-02,0,9,0,0,0,16.51,328,25.61,8141.58
2024-09-03,1,9,0,0,0,15.01,333,25.71,9457.96
2024-09-04,2,9,0,0,0,15.6,319,23.6,7412.17
2024-09-05,3,9,0,0,0,12.72,299,23.31,6299.64
2024-09-06,4,9,0,0,0,19.79,268,21.59,6291.3
2024-09-07,5,9,1,0,0,15.08,306,23.03,7369.99
2024-09-08,6,9,1,0,0,14.98,314,23.9,8668.33
2024-09-09,0,9,0,0,0,16.14,346,22.79,8288.35
2024-09-10,1,9,0,0,0,15.59,297,20.32,7298.82
2024-09-11,2,9,0,0,0,15.02,301,19.47,5831.4
2024-09-12,3,9,0,0,0,12.94,238,19.84,4943.02
2024-09-13,4,9,0,0,0,15.41,198,20.52,4092.3
2024-09-14,5,9,1,0,0,18.18,355,18.85,8315.46
2024-09-15,6,9,1,0,0,17.06,395,17.57,7645.59
2024-09-16,0,9,0,0,0,17.51,307,18.8,6937.48
2024-09-17,1,9,0,0,0,13.26,265,18.0,6351.71
2024-09-18,2,9,0,0,0,12.26,292,19.38,6149.53
2024-09-19,3,9,0,0,0,13.95,276,20.31,5989.71
2024-09-20,4,9,0,0,0,14.28,205,20.3,4490.57
2024-09-21,5,9,1,0,0,16.33,345,25.16,8390.63
2024-09-22,6,9,1,0,0,10.73,375,23.99,9370.75
2024-09-23,0,9,0,0,0,17.15,335,22.97,7997.39
2024-09-24,1,9,0,0,0,13.75,332,23.95,7777.54
2024-09-25,2,9,0,0,0,13.2,280,21.76,5242.24
2024-09-26,3,9,0,0,0,12.01,296,25.42,7227.1
2024-09-27,4,9,0,0,0,10.71,237,24.05,6151.36
2024-09-28,5,9,1,0,0,15.66,339,26.88,9832.2
2024-09-29,6,9,1,0,0,14.15,352,24.38,8703.86
2024-09-30,0,9,0,0,0,11.42,309,22.16,6934.37
2024-10-01,1,10,0,0,0,11.41,307,25.6,7378.93
2024-10-02,2,10,0,0,0,13.33,300,24.73,6378.62
2024-10-03,3,10,0,0,0,17.35,308,22.5,6295.77
2024-10-04,4,10,0,0,0,13.5,207,22.16,5138.56
2024-10-05,5,10,1,0,0,11.02,300,26.2,8158.82
2024-10-06,6,10,1,0,0,13.55,412,22.24,9553.36
2024-10-07,0,10,0,1,0,13.51,445,27.96,13235.16
2024-10-08,1,10,0,1,0,8.68,442,23.63,12303.18
2024-10-09,2,10,0,1,0,13.99,461,25.44,13527.74
2024-10-10,3,10,0,1,0,13.66,381,23.54,11090.83
2024-10-11,4,10,0,1,0,15.55,417,24.55,11331.12
2024-10-12,5,10,1,0,0,17.88,357,20.52,8299.9
2024-10-13,6,10,1,0,0,16.47,364,20.88,7767.83
2024-10-14,0,10,0,0,0,13.72,375,19.58,8348.35
2024-10-15,1,10,0,0,0,12.09,315,18.01,5462.99
2024-10-16,2,10,0,0,0,19.49,324,20.73,7087.71
2024-10-17,3,10,0,0,0,14.51,274,19.07,4949.62
2024-10-18,4,10,0,0,0,14.47,275,19.8,5331.87
2024-10-19,5,10,1,0,0,14.44,381,20.54,8026.85
2024-10-20,6,10,1,0,0,14.94,378,18.64,7272.38
2024-10-21,0,10,0,0,0,14.31,303,21.19,6800.08
2024-10-22,1,10,0,0,0,13.51,343,25.62,9089.08
2024-10-23,2,10,0,0,0,13.63,290,23.7,7729.78
2024-10-24,3,10,0,0,0,14.72,319,22.99,7262.98
2024-10-25,4,10,0,0,0,13.77,248,23.08,6207.74
2024-10-26,5,10,1,0,0,13.5,334,25.39,9187.12
2024-10-27,6,10,1,0,1,15.22,463,26.49,12833.93
2024-10-28,0,10,0,0,0,14.57,290,22.61,5892.61
2024-10-29,1,10,0,0,0,18.17,309,26.16,7664.36
2024-10-30,2,10,0,0,0,9.94,339,25.56,8922.08
2024-10-31,3,10,0,0,0,17.51,254,25.45,6333.43
2024-11-01,4,11,0,0,0,17.9,220,24.82,5069.49
2024-11-02,5,11,1,0,0,11.36,358,25.39,9729.48
2024-11-03,6,11,1,0,0,14.91,410,25.98,10655.77
2024-11-04,0,11,0,0,0,14.95,344,23.9,8606.09
2024-11-05,1,11,0,0,0,12.97,360,21.99,8252.13
2024-11-06,2,11,0,0,0,14.33,292,21.14,6252.59
2024-11-07,3,11,0,0,0,13.77,237,21.63,5022.59
2024-11-08,4,11,0,0,0,19.6,286,23.31,6582.99
2024-11-09,5,11,1,0,0,18.07,339,20.17,7919.52
2024-11-10,6,11,1,0,0,18.85,377,19.44,8731.92
2024-11-11,0,11,0,0,0,17.86,362,20.08,7323.4
2024-11-12,1,11,0,0,0,14.27,352,19.7,7456.01
2024-11-13,2,11,0,0,0,15.6,325,19.77,5759.73
2024-11-14,3,11,0,0,0,17.74,329,19.88,6495.66
2024-11-15,4,11,0,0,0,14.44,235,19.29,4671.03
2024-11-16,5,11,1,0,0,18.43,374,23.57,8983.7
2024-11-17,6,11,1,0,0,16.65,387,19.24,7524.45
2024-11-18,0,11,0,0,0,16.51,338,19.29,6141.64
2024-11-19,1,11,0,0,0,18.81,379,20.83,7874.2
2024-11-20,2,11,0,0,0,18.4,330,19.02,5974.08
2024-11-21,3,11,0,1,0,16.92,422,25.24,10220.43
2024-11-22,4,11,0,1,0,20.1,411,28.51,11297.96
2024-11-23,5,11,1,1,0,15.75,474,28.05,14031.39
2024-11-24,6,11,1,1,0,19.28,498,28.82,15558.32
2024-11-25,0,11,0,1,0,19.38,439,25.47,10453.73
2024-11-26,1,11,0,0,0,17.71,295,23.24,7215.58
2024-11-27,2,11,0,0,0,19.13,372,23.81,8346.87
2024-11-28,3,11,0,0,0,16.12,254,24.01,6505.07
2024-11-29,4,11,0,0,0,20.61,252,26.41,6330.2
2024-11-30,5,11,1,0,0,18.54,350,26.71,9942.96
2024-12-01,6,12,1,0,0,18.02,400,24.0,10163.57
2024-12-02,0,12,0,0,0,21.31,359,24.23,7817.7
2024-12-03,1,12,0,0,0,17.96,369,24.22,9434.73
2024-12-04,2,12,0,0,0,16.7,309,24.73,7956.72
2024-12-05,3,12,0,0,0,16.56,281,24.89,8196.45
2024-12-06,4,12,0,0,0,21.04,269,20.48,8291.27
2024-12-07,5,12,1,0,0,17.42,355,21.76,8328.17
2024-12-08,6,12,1,0,0,23.65,437,20.6,11328.31
2024-12-09,0,12,0,0,0,16.14,355,20.18,8075.77
2024-12-10,1,12,0,0,0,23.86,370,20.84,8155.44
2024-12-11,2,12,0,0,0,21.05,344,21.32,7587.24
2024-12-12,3,12,0,0,0,20.59,319,19.51,6251.01
2024-12-13,4,12,0,0,0,19.86,270,19.03,5033.53
2024-12-14,5,12,1,0,0,21.91,332,21.24,7777.84
2024-12-15,6,12,1,0,0,21.21,410,19.87,7963.97
2024-12-16,0,12,0,0,0,23.65,330,22.97,7839.98
2024-12-17,1,12,0,0,0,21.84,342,17.73,5724.51
2024-12-18,2,12,0,0,0,22.08,346,20.81,6473.51
2024-12-19,3,12,0,0,0,21.22,324,24.02,7306.33
2024-12-20,4,12,0,0,0,22.0,270,21.49,6052.68
2024-12-21,5,12,1,0,0,22.9,377,23.21,8668.04
2024-12-22,6,12,1,0,0,19.04,447,23.48,10806.86
2024-12-23,0,12,0,0,0,19.93,356,22.75,7428.84
2024-12-24,1,12,0,0,0,24.28,425,25.53,10875.98
2024-12-25,2,12,0,0,0,23.31,350,20.54,7223.84
2024-12-26,3,12,0,0,0,22.77,253,26.47,7310.56
2024-12-27,4,12,0,0,0,23.35,293,22.24,6285.46
2024-12-28,5,12,1,0,0,24.18,383,25.59,10523.98
2024-12-29,6,12,1,0,0,22.58,441,25.34,11719.07
2024-12-30,0,12,0,0,1,22.27,451,25.26,12703.28
